City_ID,City,Lat,Lng,Max Temp,Humidity,Cloudiness,Wind Speed,Country,Date
0,grytviken,-54.2811,-36.5092,273.49,99,100,3.86,GS,1690457635
1,port-aux-francais,-49.35,70.2167,279.47,90,72,17.68,TF,1690457689
2,papatowai,-46.5619,169.4708,280.37,84,100,4.22,NZ,1690457752
3,constantia,44.1833,28.65,291.53,83,100,9.28,RO,1690457646
4,tsiombe,-25.3,45.4833,296.01,43,1,7.31,MG,1690458118
5,west island,-12.1568,96.8225,297.14,83,75,10.8,CC,1690457634
6,fort st. john,56.2499,-120.8529,286.09,94,100,3.6,CA,1690458119
7,ilulissat,69.2167,-51.1,280.16,76,75,3.09,GL,1690457842
8,amga,60.8953,131.9608,289.47,71,66,1.7,RU,1690457984
9,ago-are,8.5,3.4167,302.36,68,100,2.69,NG,1690458119
10,adamstown,-25.066,-130.1015,292.36,61,18,2.56,PN,1690457685
11,naze,28.3667,129.4833,299.66,80,100,3.69,JP,1690458120
12,jamestown,42.097,-79.2353,295.92,98,100,3.6,US,1690457643
13,minas de marcona,-15.2119,-75.1103,284.75,88,51,4.77,PE,1690457789
14,iqaluit,63.7506,-68.5145,281.0,81,20,1.54,CA,1690457779
15,ushuaia,-54.8,-68.3,269.96,68,0,3.09,AR,1690457728
16,tiksi,71.6872,128.8694,281.41,69,87,2.43,RU,1690457653
17,olonkinbyen,70.9221,-8.7187,278.17,89,100,5.28,SJ,1690457918
18,coquimbo,-29.9533,-71.3436,286.48,87,89,0.45,CL,1690458121
19,brookings,44.3114,-96.7984,295.96,98,43,3.52,US,1690457784
20,komsomol'skiy,43.9783,46.6985,305.81,29,0,10.44,RU,1690458122
21,usinsk,65.9939,57.5281,297.44,44,42,0.99,RU,1690458122
22,sanctuary point,-35.1114,150.629,286.11,62,0,3.95,AU,1690458123
23,guiping,23.3925,110.0814,303.7,72,83,1.18,CN,1690458123
24,dudinka,69.4058,86.1778,299.61,46,37,3.05,RU,1690457940
25,wailua homesteads,22.0669,-159.378,299.59,83,100,5.14,US,1690457671
26,petropavlovsk-kamchatsky,53.0452,158.6483,284.48,100,100,4.0,RU,1690457472
27,kodiak,57.79,-152.4072,285.88,88,100,3.09,US,1690458124
28,la almunia de dona godina,41.4767,-1.3745,304.59,29,0,2.99,ES,1690458125
29,uglich,57.5275,38.3317,297.2,51,75,2.08,RU,1690458125
30,chibougamau,49.9168,-74.3659,283.94,82,0,1.71,CA,1690458031
31,gouyave,12.1646,-61.7296,300.58,89,40,5.66,GD,1690458125
32,san patricio,28.017,-97.5169,302.07,92,7,1.66,US,1690458126
33,longyearbyen,78.2186,15.6401,286.06,54,75,7.2,SJ,1690457943
34,port mathurin,-19.6833,63.4167,296.83,77,49,7.16,MU,1690457691
35,bodaybo,57.8506,114.1933,296.21,72,87,1.7,RU,1690458126
36,kongoussi,13.3258,-1.5347,308.26,40,100,4.62,BF,1690458127
37,gorontalo,0.5412,123.0595,297.83,91,43,2.61,ID,1690457851
38,chernyshevskiy,63.0128,112.4714,293.7,55,74,3.32,RU,1690458127
39,college,64.8569,-147.8028,292.36,83,40,2.06,US,1690457857
40,corinto,37.9407,22.9573,307.53,32,0,5.09,GR,1690458128
41,waitangi,-43.9535,-176.5597,280.27,55,66,8.06,NZ,1690457652
42,yinchuan,38.4681,106.2731,297.67,52,100,5.4,CN,1690458129
43,invercargill,-46.4,168.35,280.14,84,90,2.58,NZ,1690457885
44,riyadh,24.6877,46.7219,317.23,6,66,1.39,SA,1690458078
45,blackmans bay,-43.0167,147.3167,283.44,66,100,3.5,AU,1690457663
46,ingeniero jacobacci,-41.3427,-69.5448,273.29,98,99,1.6,AR,1690458130
47,berdyansk,46.7503,36.7944,300.67,62,0,3.68,UA,1690458130
48,bredasdorp,-34.5322,20.0403,290.62,59,0,2.04,ZA,1690457633
49,hawaiian paradise park,19.5933,-154.9731,297.06,97,75,0.45,US,1690458017
50,avarua,-21.2078,-159.775,292.18,94,31,0.51,CK,1690457729
51,tokombere,11.2271,13.4858,307.78,37,100,2.37,NG,1690458131
52,bethel,41.3712,-73.414,297.87,91,75,0.89,US,1690457645
53,sikonge,-5.6333,32.7667,305.09,16,25,0.68,TZ,1690458132
54,hailin,44.5833,129.4167,296.09,85,44,1.98,CN,1690458132
55,mattoon,39.4831,-88.3728,297.34,94,0,2.06,US,1690458133
56,broome,42.2506,-75.833,297.41,93,100,3.6,US,1690458103
57,kabompo,-13.5927,24.2008,303.6,14,2,2.86,ZM,1690458133
58,geraldton,-28.7667,114.6,287.38,88,100,2.57,AU,1690458134
59,fale old settlement,-9.3852,-171.2468,301.36,75,23,7.02,TK,1690458009
60,utrik,11.2278,169.8474,301.53,79,100,8.7,MH,1690457704
61,la'ie,21.6477,-157.9253,299.13,85,48,3.13,US,1690457747
62,baharly,38.4362,57.4316,309.28,34,56,2.12,TM,1690458135
63,barra de santo antonio,-9.4047,-35.5072,296.75,76,53,2.08,BR,1690458135
64,ribeira grande,38.5167,-28.7,296.37,94,75,5.66,PT,1690457629
65,albany,42.6001,-73.9662,297.53,83,89,0.45,US,1690457581
66,lompoc,34.6391,-120.4579,286.81,97,100,0.45,US,1690457528
67,scarborough,54.2797,-0.4044,294.14,85,100,0.45,GB,1690458136
68,isafjordur,66.0755,-23.124,281.17,71,75,5.66,IS,1690457824
69,fort mcmurray,56.7268,-111.381,281.92,93,0,3.09,CA,1690457737
70,saint-philippe,-21.3585,55.7679,295.92,72,79,5.67,RE,1690458137
71,sao miguel do araguaia,-13.275,-50.1628,300.73,29,5,2.81,BR,1690458137
72,punta arenas,-53.15,-70.9167,271.38,85,25,3.14,CL,1690457484
73,chemin grenier,-20.4872,57.4656,297.92,74,20,8.11,MU,1690458138
74,bubaque,11.2833,-15.8333,300.98,81,47,4.31,GW,1690457804
75,luanda,-8.8368,13.2343,298.15,65,75,3.09,AO,1690458005
76,arinos,-15.9169,-46.1056,297.47,47,77,1.79,BR,1690458139
77,puerto ayora,-0.7393,-90.3518,297.9,91,63,1.34,EC,1690458060
78,st. john's,47.5649,-52.7093,295.53,81,20,7.72,CA,1690457768
79,kindu,-2.95,25.95,310.78,19,7,1.24,CD,1690457991
80,puerto natales,-51.7236,-72.4875,268.66,94,76,1.33,CL,1690457687
81,xai-xai,-25.0519,33.6442,299.31,34,0,4.03,MZ,1690458140
82,belabo,4.9333,13.3,300.14,79,66,0.58,CM,1690458141
83,sinabang,2.4803,96.3801,301.23,74,75,1.74,ID,1690457856
84,port lincoln,-34.7333,135.8667,287.42,83,84,5.46,AU,1690458092
85,dessalines,19.2833,-72.5,298.83,74,100,1.44,HT,1690458141
86,kone,-21.0595,164.8658,291.83,68,74,2.7,NC,1690458142
87,bilibino,68.0546,166.4372,281.25,86,95,2.31,RU,1690457675
88,sayat,38.7839,63.8803,314.08,11,27,10.84,TM,1690458142
89,hammerfest,70.6634,23.6821,287.4,72,75,4.12,NO,1690458143
90,alzamay,55.5562,98.6644,294.59,69,59,0.66,RU,1690458143
91,stornoway,58.2093,-6.3865,289.28,86,75,3.09,GB,1690458143
92,geesthacht,53.4333,10.3667,292.25,93,100,0.45,DE,1690458143
93,stanley,54.868,-1.6985,290.81,92,75,1.03,GB,1690457686
94,bethal,-26.4579,29.4655,295.68,27,0,3.59,ZA,1690458144
95,carnarvon,-24.8667,113.6333,290.58,58,0,6.65,AU,1690457638
96,tosontsengel,48.7567,98.2839,289.6,73,87,1.33,MN,1690458145
97,capitao poco,-1.7464,-47.0594,299.74,80,14,3.84,BR,1690458145
98,hasaki,35.7333,140.8333,301.65,78,3,5.26,JP,1690458145
99,dryden,49.7833,-92.7503,291.31,94,20,2.57,CA,1690457990
100,edinburgh of the seven seas,-37.0676,-12.3116,283.61,56,84,8.14,SH,1690457693
101,charters towers,-20.1,146.2667,288.36,88,33,3.74,AU,1690458146
102,jiazi,22.8779,116.067,300.93,84,99,0.96,CN,1690458146
103,kailua-kona,19.6406,-155.9956,300.7,84,100,3.6,US,1690458147
104,keflavik,64.0049,-22.5624,287.1,66,75,6.69,IS,1690457965
105,port elizabeth,-33.918,25.5701,293.2,63,40,3.09,ZA,1690458147
106,bandar lampung,-5.4254,105.258,297.34,84,99,1.98,ID,1690458148
107,jumla,29.2747,82.1838,293.33,85,94,2.07,NP,1690457944
108,hradyz'k,49.2346,33.1361,298.59,61,100,4.16,UA,1690458149
109,lashio,22.9333,97.75,295.77,97,100,0.35,MM,1690458149
110,lazaro cardenas,17.9583,-102.2,298.79,84,100,2.52,MX,1690457721
111,georgetown,5.4112,100.3354,305.11,73,20,3.6,MY,1690457457
112,champerico,14.3,-91.9167,297.18,85,23,1.73,GT,1690458150
113,whitehorse,60.7161,-135.0538,286.93,85,75,3.09,CA,1690457726
114,qaqortoq,60.7167,-46.0333,279.82,80,98,2.72,GL,1690457929
115,wanning,18.8003,110.3967,302.08,82,100,2.82,CN,1690458151
116,katsuura,35.1333,140.3,298.05,85,5,3.24,JP,1690458151
117,ajaccio,42.0,8.9167,299.18,54,0,6.17,FR,1690458116
118,vorgashor,67.5833,63.95,292.03,72,96,2.34,RU,1690458041
119,al burayqah,30.4062,19.5739,300.94,86,0,7.85,LY,1690457973
120,enewetak,11.3474,162.3373,301.5,80,100,6.86,MH,1690457748
121,martinho campos,-19.3317,-45.2369,295.65,58,0,1.36,BR,1690458153
122,senanga,-16.1167,23.2667,304.26,15,1,2.06,ZM,1690458153
123,hithadhoo,-0.6,73.0833,301.88,77,16,6.1,MV,1690458085
124,udachny,66.4167,112.4,290.0,56,100,1.56,RU,1690457911
125,augusto correa,-1.0217,-46.635,300.95,77,24,2.77,BR,1690458054
126,taulaga,-11.0553,-171.0883,300.67,73,87,7.37,AS,1690458154
127,ust-nera,64.5667,143.2,282.42,74,62,2.05,RU,1690457658
128,montepuez,-13.1256,38.9997,302.06,25,4,2.97,MZ,1690458155
129,dunedin,-45.8742,170.5036,279.71,81,100,1.79,NZ,1690457998
130,zouerate,22.7187,-12.4521,309.45,13,36,9.07,MR,1690458155
131,minab,27.1467,57.0801,309.5,51,39,8.34,IR,1690457990
132,tadine,-21.55,167.8833,292.58,65,100,7.82,NC,1690458088
133,tolanaro,-25.0319,46.9987,296.19,53,40,5.14,MG,1690458156
134,kuanda,56.3161,116.0806,292.5,89,98,2.21,RU,1690458156
135,codrington,-38.2667,141.9667,285.33,94,98,6.87,AU,1690457928
136,la junta,37.985,-103.5438,294.31,73,0,3.6,US,1690458124
137,bima,-8.4667,118.7167,296.56,77,66,2.81,ID,1690458157
138,kayangel,8.0823,134.7173,299.27,89,100,12.42,PW,1690458043
139,jayapura,-2.5333,140.7,299.81,89,94,3.04,ID,1690458049
140,port alfred,-33.5906,26.891,293.25,69,31,1.79,ZA,1690458034
141,xining,36.6167,101.7667,291.92,64,89,1.23,CN,1690458158
142,uturoa,-16.7333,-151.4333,298.63,84,49,3.62,PF,1690458159
143,luwuk,-0.9516,122.7875,298.22,90,55,1.72,ID,1690458159
144,vizianagaram,18.1167,83.4167,302.88,77,53,2.66,IN,1690458159
145,sterling,39.0062,-77.4286,299.56,84,75,3.6,US,1690457976
146,kavieng,-2.5744,150.7967,300.77,82,56,5.02,PG,1690458160
147,carolina beach,34.0352,-77.8936,299.34,96,50,1.18,US,1690458160
148,fort bragg,35.139,-79.006,298.61,94,0,2.06,US,1690457565
149,nalut,30.3333,10.85,313.9,13,0,2.49,LY,1690458161
150,talnakh,69.4865,88.3972,300.49,45,78,4.15,RU,1690457758
151,itaituba,-4.2761,-55.9836,299.24,89,0,0.0,BR,1690458061
152,walvis bay,-22.9575,14.5053,285.98,60,2,5.0,NA,1690458163
153,colares,38.7992,-9.4469,296.69,65,75,13.41,PT,1690458163
154,sfax,34.7406,10.7603,304.23,45,0,5.14,TN,1690458164
155,chipinge,-20.1883,32.6236,297.67,30,0,2.56,ZW,1690458164
156,thompson,55.7435,-97.8558,282.24,93,100,5.66,CA,1690457715
157,gonabad,34.3529,58.6837,312.19,15,0,3.09,IR,1690458164
158,kirs,59.3388,52.2447,296.57,89,65,4.15,RU,1690458165
159,kattivakkam,13.2167,80.3167,308.2,58,92,7.39,IN,1690458165
160,mizdah,31.4451,12.9801,311.08,15,0,2.08,LY,1690458166
161,abadan,30.3392,48.3043,321.12,8,0,7.2,IR,1690458166
162,ghanzi,-21.5667,21.7833,300.34,19,0,4.79,BW,1690458166
163,cabo san lucas,22.8909,-109.9124,301.77,78,83,2.24,MX,1690457615
164,makoua,0.0069,15.6333,309.78,35,32,0.6,CG,1690458167
165,weno,7.4515,151.8468,301.48,76,91,5.74,FM,1690457892
166,igarka,67.4667,86.5833,301.23,47,5,3.45,RU,1690458168
167,zaraza,9.3503,-65.3245,298.16,90,67,1.98,VE,1690458168
168,vadso,70.0744,29.7487,291.64,82,20,3.09,NO,1690457875
169,ati,13.2154,18.3353,306.03,43,100,4.2,TD,1690458169
170,itoman,26.1247,127.6694,302.16,84,75,7.72,JP,1690458169
171,nova sintra,14.8667,-24.7167,296.43,83,28,4.52,CV,1690457865
172,rawson,-43.3002,-65.1023,277.16,73,100,3.35,AR,1690458049
173,midvagur,62.0511,-7.1939,283.61,81,100,5.66,FO,1690458170
174,badger,64.8,-147.5333,292.32,85,0,2.06,US,1690457947
175,chonchi,-42.6128,-73.8092,280.99,99,100,1.71,CL,1690458171
176,crateus,-5.1783,-40.6775,301.45,42,0,4.03,BR,1690458171
177,chingirlau,51.095,54.0814,307.22,25,9,3.59,KZ,1690458171
178,calingasta,-31.3308,-69.4078,281.74,39,48,1.14,AR,1690458172
179,argo,37.6333,22.7333,307.47,25,0,4.23,GR,1690457727
180,tual,-5.6667,132.75,299.48,85,50,9.54,ID,1690458172
181,conceicao do araguaia,-8.2578,-49.2647,302.65,29,0,2.58,BR,1690458173
182,turpan,42.9333,89.1667,319.76,9,0,2.2,CN,1690458173
183,vilyuchinsk,52.9306,158.4028,285.3,95,99,0.93,RU,1690457659
184,hermanus,-34.4187,19.2345,291.93,63,7,4.05,ZA,1690457898
185,margaret river,-33.95,115.0667,286.88,69,98,6.54,AU,1690457782
186,hamilton,39.1834,-84.5333,298.6,85,20,3.09,US,1690457635
187,smithers,54.7804,-127.1743,280.33,100,0,0.0,CA,1690458176
188,meybod,32.2501,54.0166,315.16,6,6,3.95,IR,1690458176
189,flying fish cove,-10.4217,105.6791,297.97,88,100,5.14,CX,1690457828
190,labytnangi,66.6572,66.4183,295.3,68,73,1.09,RU,1690457754
191,kidal,18.4411,1.4078,314.34,16,93,4.0,ML,1690458177
192,edd,13.9297,41.6925,309.41,52,34,6.9,ER,1690458177
193,santanyi,39.3546,3.1291,305.27,37,3,5.97,ES,1690458178
194,nemuro,43.3236,145.575,290.49,98,94,1.43,JP,1690458178
195,caleta de carquin,-11.0925,-77.6267,292.04,81,66,5.19,PE,1690458178
196,arraial do cabo,-22.9661,-42.0278,296.07,83,0,4.12,BR,1690457996
197,sitka,57.0531,-135.33,288.09,88,100,0.0,US,1690458179
198,bani walid,31.7566,13.9942,310.77,21,0,4.1,LY,1690458180
199,labrador city,52.9463,-66.9114,285.1,71,40,5.14,CA,1690457731
200,bonga,7.2833,36.2333,292.68,96,90,1.03,ET,1690458181
201,kerema,-7.9631,145.7785,298.07,90,93,4.36,PG,1690457891
202,alice springs,-23.7,133.8833,291.9,68,100,2.57,AU,1690457915
203,vuktyl,63.8567,57.3094,297.86,38,59,3.61,RU,1690458052
204,aksaray,38.3726,34.0254,309.22,9,0,3.62,TR,1690458184
205,phan rang-thap cham,11.5667,108.9833,300.73,79,100,3.53,VN,1690458184
206,stephenville,32.2207,-98.2023,299.22,63,0,2.57,US,1690458187
207,sinop,41.7711,34.8709,298.39,86,1,6.48,TR,1690458187
208,lebu,-37.6167,-73.65,282.85,88,100,2.78,CL,1690457817
209,cam ranh,11.9214,109.1591,302.13,84,40,2.06,VN,1690458188
210,cannonvale,-20.2833,148.7,293.81,89,62,2.23,AU,1690458189
211,antsiranana,-12.2787,49.2917,301.0,52,48,9.08,MG,1690458189
212,camilla,31.2313,-84.2105,298.88,80,33,1.87,US,1690458144
213,adel,31.1371,-83.4235,297.52,99,20,1.38,US,1690457999
214,happy valley-goose bay,53.3168,-60.3315,289.32,94,100,3.09,CA,1690458190
215,saudarkrokur,65.7461,-19.6394,284.72,70,15,4.27,IS,1690458191
216,mugia,43.1041,-9.2179,296.43,84,41,6.76,ES,1690458001
217,puerto baquerizo moreno,-0.9,-89.6,297.18,80,91,6.98,EC,1690458192
218,kavaratti,10.5669,72.642,301.54,76,100,6.31,IN,1690457630
219,pohang,36.0322,129.365,300.69,81,32,1.26,KR,1690458194
220,nizhyn,51.048,31.8869,294.51,80,100,5.6,UA,1690458194
221,papao,-17.75,-149.55,296.97,81,80,2.79,PF,1690458194
222,avanigadda,16.0215,80.9181,304.79,76,99,5.73,IN,1690458195
223,huarmey,-10.0681,-78.1522,292.64,82,40,3.55,PE,1690458195
224,bonthe,7.5264,-12.505,300.72,77,77,4.63,SL,1690458195
225,kupang,-10.1667,123.5833,297.53,76,7,8.89,ID,1690458196
226,bouznika,33.7894,-7.1597,300.01,53,40,3.09,MA,1690458196
227,mangrol,21.1167,70.1167,301.43,81,88,8.8,IN,1690458198
228,saint-francois,46.4154,3.9054,298.84,47,20,4.12,FR,1690458198
229,kapa'a,22.0752,-159.319,300.33,83,100,5.14,US,1690458199
230,rongelap,11.1635,166.8941,301.5,79,100,7.73,MH,1690457650
231,dukku,10.8231,10.7717,308.99,33,82,1.12,NG,1690458199
232,remire-montjoly,4.9167,-52.2667,299.17,94,0,0.51,GF,1690458200
233,alofi,-19.0595,-169.9187,293.09,88,100,1.54,NU,1690458200
234,haiku-pauwela,20.9219,-156.3051,297.06,87,0,8.75,US,1690458022
235,az zubayr,30.3945,47.7011,322.07,5,0,5.14,IQ,1690458201
236,yellowknife,62.456,-114.3525,288.46,63,20,2.57,CA,1690457760
237,chita,52.0333,113.55,291.09,82,40,2.0,RU,1690458108
238,sao jose da coroa grande,-8.8978,-35.1478,299.31,77,81,2.48,BR,1690458203
239,loikaw,19.6742,97.2094,296.92,86,88,2.82,MM,1690458204
240,takeo,10.9167,104.8333,301.43,68,99,6.74,KH,1690458204
241,shenkursk,62.1091,42.896,294.44,65,66,4.21,RU,1690458205
242,pisz,53.6274,21.8125,295.37,33,66,3.77,PL,1690458206
243,leua,48.2156,18.6071,297.87,39,56,4.58,SK,1690458206
244,playa del ingles,27.7567,-15.5787,299.48,60,7,3.13,ES,1690458206
245,santa ana,33.7456,-117.8678,298.07,82,0,0.0,US,1690457669
246,as sulayyil,20.4607,45.5779,319.29,7,31,5.2,SA,1690458209
247,toliara,-23.35,43.6667,294.92,50,0,2.96,MG,1690458209
248,tralee,52.2704,-9.7026,291.29,88,75,3.09,IE,1690457697
249,naracoorte,-36.9579,140.7383,284.91,93,100,4.91,AU,1690458210
250,maha sarakham,16.3333,103.6667,306.43,68,96,1.43,TH,1690458210
251,atafu village,-8.5421,-172.5159,301.46,76,48,6.88,TK,1690457873
252,khovd,48.0056,91.6419,301.54,23,81,1.35,MN,1690458211
253,kurchatov,51.6601,35.6521,302.38,39,57,6.91,RU,1690458211
254,sabang,5.8933,95.3214,301.41,80,48,9.62,ID,1690458212
255,kabwe,-14.4469,28.4464,299.66,23,0,3.47,ZM,1690458187
256,ar ruways,24.1103,52.7306,307.25,76,100,5.01,AE,1690458213
257,arklow,52.7931,-6.1414,293.75,83,100,1.84,IE,1690458213
258,miracema do tocantins,-9.5618,-48.3967,301.39,31,0,2.68,BR,1690458016
259,yima,34.7381,111.8839,301.04,57,100,2.43,CN,1690458214
260,mount gambier,-37.8333,140.7667,284.47,97,100,4.26,AU,1690457529
261,canas,10.4294,-85.0931,299.04,96,48,2.53,CR,1690458215
262,chauk,20.8833,94.8167,307.28,48,99,7.57,MM,1690458215
263,vila franca do campo,37.7167,-25.4333,299.37,77,66,4.86,PT,1690458215
264,daye,30.0833,114.95,302.5,74,7,2.34,CN,1690458216
265,shimoda,34.6667,138.95,298.76,88,76,1.87,JP,1690458216
266,magadi,12.9667,77.2333,299.29,77,100,7.47,IN,1690458217
267,kandyagash,49.4744,57.4233,304.74,29,5,5.01,KZ,1690458217
268,al ghayzah,16.2079,52.176,301.6,74,53,7.68,YE,1690457807
269,ta`u,-14.2336,-169.5144,299.27,68,100,6.49,AS,1690458218
270,gympie,-26.1898,152.665,288.53,75,93,1.18,AU,1690458218
271,sambava,-14.2667,50.1667,297.38,71,31,8.92,MG,1690458218
272,cuito,-12.3833,16.9333,300.63,19,41,2.74,AO,1690458219
273,kupino,54.3663,77.2981,293.75,74,100,4.05,RU,1690458219
274,saurimo,-9.6608,20.3916,305.51,14,30,2.46,AO,1690458219
275,gadzhiyevo,69.2551,33.3362,284.65,90,100,1.77,RU,1690458219
276,katsuren-haebaru,26.3369,127.8719,302.16,86,100,5.66,JP,1690458220
277,betio village,1.358,172.9211,299.17,77,43,4.58,KI,1690458220
278,smara,26.7384,-11.6719,303.12,29,2,9.2,EH,1690458221
279,mu'minobod,38.1085,70.0285,310.5,8,2,5.36,TJ,1690458221
280,lihue,21.9789,-159.3672,299.92,78,100,5.14,US,1690457703
281,vila velha,-20.3297,-40.2925,294.23,81,0,2.06,BR,1690458221
282,pitimbu,-7.4706,-34.8086,297.48,75,60,4.72,BR,1690458222
283,totness,5.8833,-56.3167,299.32,84,65,4.32,SR,1690458222
284,queenstown,-31.8976,26.8753,291.2,22,0,5.55,ZA,1690457773
285,jiujiang,29.7333,115.9833,302.03,75,78,2.4,CN,1690458223
286,east london,-33.0153,27.9116,293.67,60,20,4.12,ZA,1690457981
287,amarante do maranhao,-5.5667,-46.7422,301.86,35,0,3.74,BR,1690458224
288,veraval,20.9,70.3667,301.36,82,96,8.52,IN,1690458224
289,bonanza,14.0289,-84.591,294.5,98,92,0.85,NI,1690458224
290,sungai penuh,-2.0833,101.3833,292.74,99,72,0.89,ID,1690458224
291,feijo,-8.1642,-70.3536,295.42,67,15,0.8,BR,1690458225
292,pisco,-13.7,-76.2167,291.18,77,100,1.03,PE,1690458225
293,mahalapye,-23.1041,26.8142,298.57,23,0,2.4,BW,1690458148
294,leh,34.1667,77.5833,295.87,27,31,3.63,IN,1690457961
295,high springs,29.8269,-82.5968,297.8,96,85,1.82,US,1690458226
296,visakhapatnam,17.69,83.2093,303.09,74,75,9.26,IN,1690458226
297,iskateley,67.6803,53.1512,296.68,47,58,2.45,RU,1690457746
298,el oro de hidalgo,19.8,-100.1333,282.17,90,100,1.57,MX,1690458227
299,proletariy,58.4342,31.7046,295.43,56,98,1.55,RU,1690458227
300,gumdag,39.2061,54.5906,309.79,28,12,4.13,TM,1690458227
301,tierra buena,39.1488,-121.6669,294.8,73,0,4.12,US,1690458228
302,yaren,-0.5472,166.916,301.81,76,20,3.95,NR,1690458228
303,thunder bay,48.4001,-89.3168,290.14,100,75,1.54,CA,1690457966
304,la palma,33.8464,-118.0467,297.88,91,0,1.54,US,1690458234
305,mundybash,53.211,87.2983,295.5,66,94,1.73,RU,1690458234
306,kenai,60.5544,-151.2583,284.34,98,100,3.6,US,1690457606
307,ulsteinvik,62.3432,5.8487,291.99,86,100,3.13,NO,1690458234
308,bamboo flat,11.7,92.7167,303.2,74,40,6.17,IN,1690458235
309,aleksandrovsk-sakhalinskiy,50.8975,142.1561,290.54,90,69,2.28,RU,1690458235
310,williamsburg,37.2707,-76.7075,299.68,83,0,2.57,US,1690458086
311,bodo,67.28,14.405,293.17,68,40,3.09,NO,1690458236
312,great falls,47.5002,-111.3008,289.4,49,0,2.57,US,1690458236
313,new norfolk,-42.7826,147.0587,284.1,75,92,2.54,AU,1690458071
314,ust'-kut,56.7938,105.7672,293.76,82,100,0.2,RU,1690458237
315,ribeira brava,32.65,-17.0667,298.71,69,6,1.41,PT,1690458237
316,lenino,45.2986,35.7771,301.12,61,2,9.05,UA,1690458237
317,grand falls-windsor,48.9332,-55.6649,295.65,81,39,0.89,CA,1690458238
318,churapcha,62.0025,132.4325,288.44,71,83,1.17,RU,1690458238
319,nikolayevsk-on-amure,53.1406,140.73,291.82,88,23,1.39,RU,1690458238
320,hakui,36.8833,136.7833,303.23,89,1,2.28,JP,1690458239
321,wangaratta,-36.3667,146.3333,284.99,84,30,2.57,AU,1690458239
322,chegdomyn,51.1167,133.0167,293.78,72,92,1.38,RU,1690458239
323,ouadda,8.0777,22.4007,302.26,59,95,2.55,CF,1690458240
324,batie,9.8833,-2.9167,305.6,50,77,3.6,BF,1690458240
325,san luis del palmar,-27.5079,-58.5545,282.57,79,15,4.54,AR,1690458241
326,luderitz,-26.6481,15.1594,290.38,52,0,3.49,NA,1690457713
327,fuerte olimpo,-21.0415,-57.8738,292.49,80,87,1.47,PY,1690458241
328,sidareja,-7.4846,108.7923,294.06,89,84,1.04,ID,1690458242
329,timbuktu,16.7735,-3.0074,309.07,35,90,9.13,ML,1690458242
330,greymouth,-42.4667,171.2,277.1,84,1,2.93,NZ,1690458057
331,amagunze,6.3267,7.6539,303.54,70,75,4.12,NG,1690458243
332,yuzhno-kurilsk,44.0306,145.8556,292.58,95,84,0.34,RU,1690458243
333,sunne,59.8376,13.143,289.38,62,98,2.15,SE,1690458244
334,kingston,17.997,-76.7936,301.68,78,40,8.23,JM,1690457674
335,anadyr,64.75,177.4833,284.43,93,100,0.0,RU,1690457682
336,mawlamyinegyunn,16.3833,95.2667,302.0,77,61,5.61,MM,1690458245
337,kalmunai,7.4167,81.8167,303.44,67,96,4.41,LK,1690458245
338,yichang,30.7144,111.2847,299.79,86,65,1.75,CN,1690458226
339,parauapebas,-6.0675,-49.9022,300.14,60,0,0.0,BR,1690458246
340,guiuan,11.0333,125.7247,302.51,75,92,4.86,PH,1690458246
341,formosa do rio preto,-11.0483,-45.1931,298.54,49,23,3.23,BR,1690458247
342,zardob,40.2183,47.7083,310.66,25,0,3.59,AZ,1690458247
343,neryungri,56.6709,124.6491,291.57,79,92,1.04,RU,1690458248
344,tarawa,1.419,172.984,299.2,89,20,0.0,KI,1690458248
345,crane,31.3974,-102.3501,296.95,48,55,5.19,US,1690457979
346,kotma,23.2,81.9667,304.4,59,100,1.78,IN,1690458249
347,plettenberg bay,-34.0527,23.3716,289.63,68,0,3.36,ZA,1690458249
348,benguela,-12.5763,13.4055,296.39,71,22,4.18,AO,1690458249
349,burumburum,11.3911,8.7234,307.87,35,62,3.7,NG,1690458250
350,general conesa,-40.1,-64.4333,277.37,69,100,2.48,AR,1690458250
351,kapuskasing,49.4169,-82.4331,285.2,100,100,1.03,CA,1690457418
352,penukonda,14.0833,77.5833,297.0,78,100,9.45,IN,1690458251
353,tiruvannamalai,12.2167,79.0667,306.32,44,79,7.4,IN,1690458251
354,buta,2.7858,24.73,307.7,37,77,1.49,CD,1690458251
355,juneau,58.3019,-134.4197,286.71,91,75,0.0,US,1690458114
356,saipan,15.1355,145.701,301.54,100,0,4.12,MP,1690458075
357,nogliki,51.8333,143.1667,286.41,99,90,1.67,RU,1690458252
358,taroa,8.7058,171.2275,300.68,82,75,7.15,MH,1690458253
359,ciudad madero,22.2667,-97.8333,298.26,78,75,1.12,MX,1690458253
360,nadi,-17.8,177.4167,293.15,77,75,3.6,FJ,1690458253
361,tashtagol,52.7657,87.8894,294.93,68,100,1.62,RU,1690458254
362,sanming,26.2486,117.6186,299.35,85,85,3.08,CN,1690458254
363,saint-pierre,-21.3393,55.4781,295.97,64,100,5.66,RE,1690458255
364,novodvinsk,64.4165,40.8122,293.53,64,93,3.2,RU,1690458255
365,aykhal,66.0,111.5,288.6,61,100,1.86,RU,1690457655
366,brokopondo,4.75,-55.1667,298.95,88,82,3.08,SR,1690458255
367,neiafu,-18.65,-173.9833,295.55,72,100,5.41,TO,1690458256
368,sisimiut,66.9395,-53.6735,279.13,86,99,1.84,GL,1690458047
369,zajas,41.6072,20.9383,295.67,48,36,2.34,MK,1690458257
370,pimentel,-6.8367,-79.9342,294.31,78,40,5.14,PE,1690457717
371,bardai,11.65,7.2333,305.91,40,69,3.0,NG,1690458257
372,holualoa,19.6228,-155.9522,298.63,79,100,3.6,US,1690458258
373,usogorsk,63.4106,48.6872,288.74,98,100,2.67,RU,1690458258
374,ghat,24.9647,10.1728,313.62,6,2,8.37,LY,1690458258
375,chui,-33.6971,-53.4616,281.51,82,88,3.15,UY,1690458259
376,klyuchi,52.2667,79.1667,294.53,59,97,4.39,RU,1690458054
377,lapao,-11.3833,-41.8319,295.13,50,45,5.9,BR,1690458259
378,santarem,-2.4431,-54.7083,299.22,94,20,2.06,BR,1690457992
379,ixtapa,20.7,-105.2,299.94,82,100,1.21,MX,1690457688
380,stone,52.9059,-2.1541,294.69,69,100,5.12,GB,1690458260
381,north platte,41.1239,-100.7654,294.33,78,0,3.13,US,1690458261
382,bakanas,44.8081,76.2772,310.68,17,24,9.53,KZ,1690458261
383,taltal,-25.4,-70.4833,288.15,83,48,1.99,CL,1690458261
384,inverloch,-38.6333,145.7167,288.38,59,57,7.17,AU,1690458262
385,manokwari,-0.8667,134.0833,299.41,84,47,1.75,ID,1690457863
386,sarakhs,36.5449,61.1577,314.97,13,8,8.18,IR,1690458262
387,strelka,58.0728,93.0344,293.58,81,80,1.25,RU,1690458263
388,newman,37.3138,-121.0208,292.28,76,0,0.45,US,1690458263
389,inda silase,14.1031,38.2829,293.26,78,94,2.62,ET,1690458263
390,tura,25.5198,90.2201,299.4,87,100,2.83,IN,1690458264
391,pljevlja,43.3333,19.3333,294.36,38,19,1.74,ME,1690458264
392,augusta,48.3667,10.8833,293.76,63,0,4.63,DE,1690458027
393,gereshk,31.8209,64.5701,315.79,9,0,4.36,AF,1690458265
394,pauini,-7.7136,-66.9764,296.77,61,37,1.25,BR,1690458265
395,greci,45.1833,28.2333,291.31,50,100,8.29,RO,1690458266
396,akhmet'a,42.0311,45.2075,305.44,45,4,2.47,GE,1690458266
397,taro,-8.3862,115.28,295.15,97,77,2.34,ID,1690458266
398,mejit,10.2753,170.8646,301.27,80,100,8.63,MH,1690458267
399,weligama,5.9667,80.4167,300.94,78,58,4.92,LK,1690458267
400,altayskoye,51.9533,85.3325,294.83,65,100,2.99,RU,1690458268
401,xilin hot,43.9667,116.0333,298.94,47,85,3.46,CN,1690458268
402,maracacume,-2.0428,-45.9592,301.22,71,19,2.19,BR,1690458269
403,kristiansund,63.1115,7.732,290.18,88,100,3.6,NO,1690458269
404,port-gentil,-0.7193,8.7815,299.13,73,20,5.66,GA,1690458270
405,lata,40.1629,-8.3327,299.54,45,75,4.52,PT,1690457766
406,greenville,35.6127,-77.3663,298.22,97,0,3.6,US,1690458269
407,palikir - national government center,6.9248,158.1611,301.62,94,100,2.06,FM,1690458093
408,bathsheba,13.2167,-59.5167,301.51,89,20,7.2,BB,1690458271
409,san antonio de pale,-1.4014,5.6325,296.06,89,91,5.62,GQ,1690458271
410,mount pearl,47.5166,-52.7813,295.55,81,20,7.72,CA,1690458040
411,rio grande,-32.035,-52.0986,283.21,85,54,3.68,BR,1690458272
412,qaisumah,28.3112,46.1273,319.13,7,0,0.0,SA,1690458272
413,linhai,28.85,121.1167,298.67,85,100,1.55,CN,1690458208
414,yibin,28.7667,104.6238,298.39,94,85,3.13,CN,1690458049
415,nefta,33.8731,7.8777,308.29,25,0,6.44,TN,1690458273
416,nar'yan-mar,67.6713,53.087,297.31,45,67,2.49,RU,1690458274
417,eirunepe,-6.6603,-69.8736,296.39,73,62,1.07,BR,1690458274
418,beloyarskiy,63.7119,66.6722,292.66,80,99,0.94,RU,1690458274
419,troitsko-pechorsk,62.7084,56.1964,287.76,98,100,3.07,RU,1690458275
420,mount isa,-20.7333,139.5,292.02,77,100,2.06,AU,1690458275
421,basco,20.4487,121.9702,302.49,74,100,9.72,PH,1690458275
422,tofol,5.3248,163.0078,301.53,72,100,3.17,FM,1690458276
423,koysinceq,36.0821,44.6278,313.87,10,0,3.51,IQ,1690458276
424,kununurra,-15.7667,128.7333,291.14,68,2,0.51,AU,1690458277
425,bokoro,12.3807,17.0568,304.41,49,100,4.59,TD,1690458277
426,kruisfontein,-34.0033,24.7314,291.97,51,0,2.26,ZA,1690458277
427,antonio enes,-16.2325,39.9086,301.99,39,9,4.73,MZ,1690458278
428,belle fourche,44.6714,-103.8522,298.88,37,16,1.07,US,1690458278
429,berezovyy,51.6667,135.7,296.28,69,79,1.17,RU,1690457933
430,bikenibeu village,1.3673,173.1241,299.13,89,20,0.0,KI,1690458279
431,east ballina,-28.8667,153.5833,284.15,69,0,3.37,AU,1690457705
432,hobyo,5.3505,48.5268,302.32,55,63,13.82,SO,1690458280
433,hadibu,12.65,54.0333,300.62,64,90,10.66,YE,1690458019
434,grand haven,43.0631,-86.2284,293.95,96,9,1.45,US,1690457983
435,ancud,-41.8697,-73.8203,282.86,94,100,9.12,CL,1690458280
436,ha'il,27.5219,41.6907,314.16,11,0,4.12,SA,1690458281
437,ferkessedougou,9.6,-5.2,304.4,55,100,2.59,CI,1690458281
438,nagqu,31.5,92.0,281.81,70,98,4.76,CN,1690458281
439,cape coast,5.1053,-1.2466,301.63,72,92,4.97,GH,1690458282
440,salinas,36.6777,-121.6555,286.37,91,100,2.06,US,1690458246
441,tsarychanka,48.937,34.4786,306.81,26,83,3.66,UA,1690458282
442,malvan,16.0667,73.4667,298.66,83,100,8.84,IN,1690458068
443,lethem,3.3803,-59.7968,296.67,93,97,2.47,GY,1690458283
444,jabor,5.921,169.6434,300.97,80,86,4.62,MH,1690458283
445,ola,59.5833,151.2833,289.34,97,100,0.73,RU,1690458005
446,beaufort west,-32.3567,22.583,292.34,25,0,4.1,ZA,1690458284
447,monte patria,-30.6919,-70.9467,287.99,61,96,1.03,CL,1690458284
448,quellon,-43.1167,-73.6167,281.29,100,100,6.69,CL,1690458051
449,tongouson,5.0214,120.1328,300.77,81,100,5.19,PH,1690458285
450,tazovsky,67.4667,78.7,293.24,74,43,4.03,RU,1690458098
451,dolbeau-mistassini,48.8763,-72.212,292.51,83,52,3.12,CA,1690458285
452,ormara,25.2088,64.6357,301.81,83,38,7.5,PK,1690458285
453,plesetsk,62.708,40.2916,294.72,57,83,3.24,RU,1690458286
454,kerikeri,-35.2268,173.9474,283.66,83,13,0.89,NZ,1690458286
455,hami,42.8,93.45,313.19,7,0,5.11,CN,1690458081
456,aktau,43.65,51.2,305.47,72,0,5.12,KZ,1690458287
457,cutral-co,-38.9469,-69.2089,278.1,10,100,1.38,AR,1690458287
458,nizhniy kuranakh,58.8353,125.4869,291.71,90,68,2.09,RU,1690458287
459,nidzica,53.3605,20.4275,295.25,34,43,5.22,PL,1690458287
460,danshui,22.7984,114.4672,303.17,67,88,0.59,CN,1690458288
461,sao joao da barra,-21.6403,-41.0511,295.2,76,42,6.64,BR,1690458032
462,buedu,8.2803,-10.3719,297.35,85,100,1.16,SL,1690458288
463,osorio,-29.8867,-50.2697,285.71,86,71,2.33,BR,1690458289
464,jiuquan,39.7432,98.5174,307.19,11,3,5.32,CN,1690458289
465,narvik,68.4384,17.4272,294.47,83,9,2.79,NO,1690458289
466,zhezqazghan,47.7833,67.7667,303.47,26,20,6.0,KZ,1690458290
467,lensk,60.7253,114.9278,296.61,67,48,3.99,RU,1690458290
468,mabaruma,8.2,-59.7833,299.06,91,36,1.03,GY,1690458290
469,winneba,5.3511,-0.6231,302.36,70,84,4.12,GH,1690458291
470,fortuna,40.5982,-124.1573,287.34,93,100,0.0,US,1690458291
471,alaghsas,17.0187,8.0168,309.09,41,83,5.14,NE,1690458291
472,purpe,64.4803,76.6897,297.68,52,95,3.56,RU,1690458292
473,nova vicosa,-17.8919,-39.3719,297.85,64,2,0.86,BR,1690458292
474,palmer,42.1584,-72.3287,296.96,85,100,4.12,US,1690458293
475,santiago de cao,-7.9589,-79.2392,293.22,88,65,3.09,PE,1690458293
476,xunchang,28.4543,104.715,297.38,93,95,1.49,CN,1690458293
477,yemanzhelinsk,54.7547,61.3208,300.07,47,77,2.18,RU,1690458294
478,selfoss,63.9331,-20.9971,289.84,53,97,4.71,IS,1690458294
479,el nido,11.1858,119.3956,301.54,78,100,8.6,PH,1690458295
480,concordia,-31.393,-58.0209,281.38,74,95,1.59,AR,1690458295
481,vernon,50.2581,-119.2691,287.2,68,13,2.57,CA,1690458295
482,severo-yeniseyskiy,60.3725,93.0408,289.81,89,100,1.42,RU,1690458026
483,esil,51.9556,66.4042,300.3,40,48,4.46,KZ,1690458296
484,faya-largeau,17.9257,19.1043,314.09,20,0,0.0,TD,1690458296
485,campbellton,48.0075,-66.6727,293.4,99,100,3.56,CA,1690458297
486,gurupa,-1.405,-51.64,301.05,66,8,1.93,BR,1690458297
487,valozhyn,54.0909,26.5225,285.92,96,100,5.74,BY,1690458297
488,zhigalovo,54.8097,105.1578,293.74,70,100,1.35,RU,1690458298
489,egilsstadir,65.2653,-14.3948,281.1,93,100,7.72,IS,1690458298
490,atasu,48.6814,71.6433,301.18,33,97,9.13,KZ,1690458298
491,port augusta,-32.5,137.7667,287.98,76,97,5.19,AU,1690458298
492,camiri,-20.05,-63.5167,286.99,66,64,0.05,BO,1690458299
493,la reforma,25.0833,-108.05,299.95,85,85,2.38,MX,1690458299
494,cienaga,11.007,-74.2476,301.47,78,100,2.06,CO,1690458300
495,mozarlandia,-14.7447,-50.5706,301.63,24,74,4.34,BR,1690458300
496,acarau,-2.8856,-40.12,300.77,69,53,9.34,BR,1690458218
497,hilo,19.7297,-155.09,297.18,97,75,2.68,US,1690458198
498,el colomo,19.05,-104.25,298.19,85,100,1.72,MX,1690458301
499,razole,16.4833,81.8333,300.87,80,93,4.66,IN,1690458301
500,guapiles,10.2159,-83.7866,298.86,93,75,1.12,CR,1690458302
501,zhicheng,30.2956,111.5047,299.2,87,40,2.52,CN,1690458303
502,sparti,37.0733,22.4297,307.01,20,0,4.98,GR,1690458303
503,inarajan village,13.2736,144.7484,301.69,93,100,6.72,GU,1690458304
504,lingyuan,41.24,119.4011,297.72,84,42,1.88,CN,1690458304
505,herat,34.5,62.0,308.76,14,0,13.64,AF,1690458305
506,ghadamis,30.1337,9.5007,317.0,7,0,1.36,LY,1690458305
507,manicore,-5.8092,-61.3003,299.57,53,27,1.36,BR,1690458305
508,ongjin,37.9347,125.3619,297.39,94,100,2.01,KP,1690458029
509,aswan,24.0934,32.907,316.76,15,0,4.63,EG,1690458306
510,korla,41.7597,86.1469,308.93,19,49,3.7,CN,1690458307
511,vylkove,45.4021,29.586,295.44,68,100,6.26,UA,1690458307
512,gooik,50.7815,4.0947,291.84,92,100,1.34,BE,1690458308
513,ha giang,22.8333,104.9833,301.32,91,100,1.03,VN,1690458308
514,howrah,22.5892,88.3103,305.15,70,40,4.12,IN,1690458309
515,fraijanes,14.4653,-90.4408,289.19,87,75,4.12,GT,1690458309
516,gaalkacyo,6.7697,47.4308,305.16,35,82,10.9,SO,1690458310
517,xuddur,4.1213,43.8894,304.87,32,46,9.77,SO,1690458310
518,bedele,8.456,36.353,290.72,92,90,1.44,ET,1690458310
519,namibe,-15.1961,12.1522,290.26,86,75,3.92,AO,1690458311
520,alta,69.9689,23.2717,289.74,80,0,5.66,NO,1690458311
521,port blair,11.6667,92.75,303.17,74,40,6.17,IN,1690458072
522,yigo village,13.5361,144.8886,300.77,87,40,7.2,GU,1690458312
523,jiangyou,31.7667,104.7167,296.9,96,100,1.42,CN,1690458312
524,conduaga,8.862,117.4893,300.18,84,99,3.77,PH,1690458312
525,huetamo de nunez,18.5833,-100.8833,294.63,97,100,0.65,MX,1690458313
526,merizo village,13.2658,144.6691,301.46,93,100,6.72,GU,1690458314
527,bozeman,45.6796,-111.0386,287.44,67,0,1.54,US,1690458167
528,texarkana,33.4251,-94.0477,300.27,77,0,3.09,US,1690458315
529,laascaanood,8.4774,47.3597,305.16,30,39,12.06,SO,1690458315
530,ascension,30.2169,-90.9001,297.6,98,0,0.0,US,1690458316
531,salalah,17.0151,54.0924,300.2,83,100,6.69,OM,1690458204
532,saldanha,-33.0117,17.9442,289.18,64,88,4.28,ZA,1690458316
533,karratha,-20.7377,116.8463,294.4,51,57,1.5,AU,1690458322
534,kwang binh,17.4833,106.6,303.78,65,97,2.1,VN,1690458322
535,maumere,-8.6199,122.2111,296.41,77,58,3.43,ID,1690458322
536,colonia,50.9333,6.95,293.08,90,100,3.6,DE,1690458323
537,bayanaul,50.7889,75.6956,296.65,50,56,7.85,KZ,1690458323
538,cabugao,17.7931,120.4578,301.42,85,100,12.58,PH,1690458323
539,astrakhan,46.3497,48.0408,307.08,30,0,8.05,RU,1690458324
540,ilhabela,-23.7781,-45.3581,299.83,47,1,1.4,BR,1690458324
541,jefferson city,38.5767,-92.1735,300.76,73,0,0.0,US,1690458324
542,cudillero,43.5622,-6.1459,298.21,83,75,3.6,ES,1690458325
543,carbonear,47.7332,-53.2148,295.79,84,18,5.04,CA,1690457850
544,antigonish,45.6169,-61.9986,296.94,89,97,0.45,CA,1690458325
545,goondiwindi,-28.55,150.3167,285.9,54,0,2.95,AU,1690458326
546,zaragoza,41.6561,-0.8773,305.62,38,0,4.12,ES,1690458326
547,estevan,49.1334,-102.9842,282.26,81,0,0.0,CA,1690458327
548,anloga,5.7947,0.8973,302.41,67,100,5.31,GH,1690458327
549,banda aceh,5.5577,95.3222,301.34,81,46,9.31,ID,1690458114
550,fort wellington,6.4,-57.6,299.78,86,37,2.59,GY,1690458328
551,afaahiti,-17.75,-149.2833,296.08,86,74,4.0,PF,1690457894
552,cockburn town,21.4612,-71.1419,302.13,74,40,5.14,TC,1690458329
553,mar del plata,-38.0023,-57.5575,281.53,94,75,2.24,AR,1690458329
554,magistral'nyy,56.1725,107.4458,292.19,93,100,2.7,RU,1690458329
555,spas-demensk,54.4122,34.0226,294.97,80,100,3.98,RU,1690458330
556,sechura,-5.5569,-80.8222,293.78,86,37,4.79,PE,1690458330
557,fuengirola,36.54,-4.6247,301.15,61,20,3.6,ES,1690458043
558,dilling,12.05,29.65,304.21,44,77,4.4,SD,1690458331
559,doctor juan leon mallorquin,-25.4,-55.2667,289.0,85,52,1.37,PY,1690458331
